1,Test Bookmark,http://www.example.com,Test notes,2024-04-21
1,Test Bookmark,http://www.example.com,Test notes,2024-04-25
1,Test Bookmark,http://www.example.com,Test notes,2024-04-25
1,Test Bookmark,http://www.example.com,Test notes,2024-04-25
1,Test Bookmark,http://www.example.com,Test notes,2024-04-25
1,Awesomer Django,https://awesomedjango.org/,Best place on the web for Django just got better.,2024-04-25
1,Test Bookmark,http://www.example.com,Test notes,2024-04-25
2,Test Bookmark 2,http://www.example2.com,Test notes 2,2024-04-25
1,Awesome Django,https://awesomedjango.org/,Best place on the web for Django.,2024-04-27
99,Django REST framework,https://www.django-rest-framework.org/,Best place on the web for Django REST framework.,2024-04-27
1,Awesome Django,https://awesomedjango.org/,Best place on the web for Django.,2024-04-27
1,Awesome Django,https://awesomedjango.org/,Best place on the web for Django.,2024-04-27
1,Awesome Django,https://awesomedjango.org/,Best place on the web for Django.,2024-04-27
1,Awesome Django,https://awesomedjango.org/,Best place on the web for Django.,2024-04-27
99,Awesomer Django,https://awesomedjango.org/,Best place on the web for Django just got better.,2024-04-27
1,Awesome Django,https://awesomedjango.org/,Best place on the web for Django.,2024-04-27
99,Django REST framework,https://www.django-rest-framework.org/,Best place on the web for Django REST framework.,2024-04-27
1,Awesome Django,https://awesomedjango.org/,Best place on the web for Django.,2024-04-27
1,Awesome Django,https://awesomedjango.org/,Best place on the web for Django.,2024-04-27
1,Awesome Django,https://awesomedjango.org/,Best place on the web for Django.,2024-04-27
1,Awesome Django,https://awesomedjango.org/,Best place on the web for Django.,2024-04-27
99,Awesomer Django,https://awesomedjango.org/,Best place on the web for Django just got better.,2024-04-27
1,Awesome Django,https://awesomedjango.org/,Best place on the web for Django.,2024-04-27
99,Django REST framework,https://www.django-rest-framework.org/,Best place on the web for Django REST framework.,2024-04-27
1,Awesome Django,https://awesomedjango.org/,Best place on the web for Django.,2024-04-27
1,Awesome Django,https://awesomedjango.org/,Best place on the web for Django.,2024-04-27
1,Awesome Django,https://awesomedjango.org/,Best place on the web for Django.,2024-04-27
1,Awesome Django,https://awesomedjango.org/,Best place on the web for Django.,2024-04-27
99,Awesomer Django,https://awesomedjango.org/,Best place on the web for Django just got better.,2024-04-27
1,Test Bookmark,http://www.example.com,Test notes,2024-04-27
1,Test Bookmark,http://www.example.com,Test notes,2024-04-27
1,Test Bookmark,http://www.example.com,Test notes,2024-04-27
2,Test Bookmark 2,http://www.example2.com,Test notes 2,2024-04-27
1,Awesomer Django,https://awesomedjango.org/,Best place on the web for Django just got better.,2024-04-27
1,Awesome Django,https://awesomedjango.org/,Best place on the web for Django.,2024-04-27
99,Django REST framework,https://www.django-rest-framework.org/,Best place on the web for Django REST framework.,2024-04-27
1,Awesome Django,https://awesomedjango.org/,Best place on the web for Django.,2024-04-27
1,Awesome Django,https://awesomedjango.org/,Best place on the web for Django.,2024-04-27
1,Awesome Django,https://awesomedjango.org/,Best place on the web for Django.,2024-04-27
1,Awesome Django,https://awesomedjango.org/,Best place on the web for Django.,2024-04-27
99,Awesomer Django,https://awesomedjango.org/,Best place on the web for Django just got better.,2024-04-27
1,Test Bookmark,http://www.example.com,Test notes,2024-04-27
1,Test Bookmark,http://www.example.com,Test notes,2024-04-27
1,Test Bookmark,http://www.example.com,Test notes,2024-04-27
2,Test Bookmark 2,http://www.example2.com,Test notes 2,2024-04-27
1,Awesome Django,https://awesomedjango.org/,Best place on the web for Django.,2024-04-27
99,Django REST framework,https://www.django-rest-framework.org/,Best place on the web for Django REST framework.,2024-04-27
1,Awesome Django,https://awesomedjango.org/,Best place on the web for Django.,2024-04-27
1,Awesome Django,https://awesomedjango.org/,Best place on the web for Django.,2024-04-27
1,Awesome Django,https://awesomedjango.org/,Best place on the web for Django.,2024-04-27
1,Awesome Django,https://awesomedjango.org/,Best place on the web for Django.,2024-04-27
99,Awesomer Django,https://awesomedjango.org/,Best place on the web for Django just got better.,2024-04-27
1,Awesome Django,https://awesomedjango.org/,Best place on the web for Django.,2024-04-27
99,Django REST framework,https://www.django-rest-framework.org/,Best place on the web for Django REST framework.,2024-04-27
1,Awesome Django,https://awesomedjango.org/,Best place on the web for Django.,2024-04-27
1,Awesome Django,https://awesomedjango.org/,Best place on the web for Django.,2024-04-27
1,Awesome Django,https://awesomedjango.org/,Best place on the web for Django.,2024-04-27
1,Awesome Django,https://awesomedjango.org/,Best place on the web for Django.,2024-04-27
99,Awesomer Django,https://awesomedjango.org/,Best place on the web for Django just got better.,2024-04-27
1,Test Bookmark,http://www.example.com,Test notes,2024-04-27
1,Test Bookmark,http://www.example.com,Test notes,2024-04-27
1,Test Bookmark,http://www.example.com,Test notes,2024-04-27
2,Test Bookmark 2,http://www.example2.com,Test notes 2,2024-04-27
1,Awesomer Django,https://awesomedjango.org/,Best place on the web for Django just got better.,2024-04-27
1,Awesome Django,https://awesomedjango.org/,Best place on the web for Django.,2024-04-27
99,Django REST framework,https://www.django-rest-framework.org/,Best place on the web for Django REST framework.,2024-04-27
1,Awesome Django,https://awesomedjango.org/,Best place on the web for Django.,2024-04-27
1,Awesome Django,https://awesomedjango.org/,Best place on the web for Django.,2024-04-27
1,Awesome Django,https://awesomedjango.org/,Best place on the web for Django.,2024-04-27
1,Awesome Django,https://awesomedjango.org/,Best place on the web for Django.,2024-04-27
99,Awesomer Django,https://awesomedjango.org/,Best place on the web for Django just got better.,2024-04-27
1,Test Bookmark,http://www.example.com,Test notes,2024-04-27
1,Test Bookmark,http://www.example.com,Test notes,2024-04-27
1,Test Bookmark,http://www.example.com,Test notes,2024-04-27
2,Test Bookmark 2,http://www.example2.com,Test notes 2,2024-04-27
1,Awesome Django,https://awesomedjango.org/,Best place on the web for Django.,2024-04-27
99,Django REST framework,https://www.django-rest-framework.org/,Best place on the web for Django REST framework.,2024-04-27
1,Awesome Django,https://awesomedjango.org/,Best place on the web for Django.,2024-04-27
1,Awesome Django,https://awesomedjango.org/,Best place on the web for Django.,2024-04-27
1,Awesome Django,https://awesomedjango.org/,Best place on the web for Django.,2024-04-27
1,Awesome Django,https://awesomedjango.org/,Best place on the web for Django.,2024-04-27
99,Awesomer Django,https://awesomedjango.org/,Best place on the web for Django just got better.,2024-04-27
1,Test Bookmark,http://www.example.com,Test notes,2024-04-27
1,Test Bookmark,http://www.example.com,Test notes,2024-04-27
1,Test Bookmark,http://www.example.com,Test notes,2024-04-27
2,Test Bookmark 2,http://www.example2.com,Test notes 2,2024-04-27
1,Awesome Django,https://awesomedjango.org/,Best place on the web for Django.,2024-04-27
99,Django REST framework,https://www.django-rest-framework.org/,Best place on the web for Django REST framework.,2024-04-27
1,Awesome Django,https://awesomedjango.org/,Best place on the web for Django.,2024-04-27
1,Awesome Django,https://awesomedjango.org/,Best place on the web for Django.,2024-04-27
1,Awesome Django,https://awesomedjango.org/,Best place on the web for Django.,2024-04-27
1,Awesome Django,https://awesomedjango.org/,Best place on the web for Django.,2024-04-27
99,Awesomer Django,https://awesomedjango.org/,Best place on the web for Django just got better.,2024-04-27
1,Test Bookmark,http://www.example.com,Test notes,2024-04-27
1,Test Bookmark,http://www.example.com,Test notes,2024-04-27
1,Test Bookmark,http://www.example.com,Test notes,2024-04-27
2,Test Bookmark 2,http://www.example2.com,Test notes 2,2024-04-27
1,Awesome Django,https://awesomedjango.org/,Best place on the web for Django.,2024-04-27
99,Django REST framework,https://www.django-rest-framework.org/,Best place on the web for Django REST framework.,2024-04-27
1,Awesome Django,https://awesomedjango.org/,Best place on the web for Django.,2024-04-27
1,Awesome Django,https://awesomedjango.org/,Best place on the web for Django.,2024-04-27
1,Awesome Django,https://awesomedjango.org/,Best place on the web for Django.,2024-04-27
1,Awesome Django,https://awesomedjango.org/,Best place on the web for Django.,2024-04-27
99,Awesomer Django,https://awesomedjango.org/,Best place on the web for Django just got better.,2024-04-27
1,Test Bookmark,http://www.example.com,Test notes,2024-04-27
1,Test Bookmark,http://www.example.com,Test notes,2024-04-27
1,Test Bookmark,http://www.example.com,Test notes,2024-04-27
2,Test Bookmark 2,http://www.example2.com,Test notes 2,2024-04-27
1,Awesome Django,https://awesomedjango.org/,Best place on the web for Django.,2024-04-27
99,Django REST framework,https://www.django-rest-framework.org/,Best place on the web for Django REST framework.,2024-04-27
1,Awesome Django,https://awesomedjango.org/,Best place on the web for Django.,2024-04-27
1,Awesome Django,https://awesomedjango.org/,Best place on the web for Django.,2024-04-27
1,Awesome Django,https://awesomedjango.org/,Best place on the web for Django.,2024-04-27
1,Awesome Django,https://awesomedjango.org/,Best place on the web for Django.,2024-04-27
99,Awesomer Django,https://awesomedjango.org/,Best place on the web for Django just got better.,2024-04-27
1,Test Bookmark,http://www.example.com,Test notes,2024-04-27
1,Test Bookmark,http://www.example.com,Test notes,2024-04-27
1,Test Bookmark,http://www.example.com,Test notes,2024-04-27
2,Test Bookmark 2,http://www.example2.com,Test notes 2,2024-04-27
1,Awesome Django,https://awesomedjango.org/,Best place on the web for Django.,2024-04-27
99,Django REST framework,https://www.django-rest-framework.org/,Best place on the web for Django REST framework.,2024-04-27
1,Awesome Django,https://awesomedjango.org/,Best place on the web for Django.,2024-04-27
1,Awesome Django,https://awesomedjango.org/,Best place on the web for Django.,2024-04-27
1,Awesome Django,https://awesomedjango.org/,Best place on the web for Django.,2024-04-27
1,Awesome Django,https://awesomedjango.org/,Best place on the web for Django.,2024-04-27
99,Awesomer Django,https://awesomedjango.org/,Best place on the web for Django just got better.,2024-04-27
1,Test Bookmark,http://www.example.com,Test notes,2024-04-27
1,Test Bookmark,http://www.example.com,Test notes,2024-04-27
1,Test Bookmark,http://www.example.com,Test notes,2024-04-27
2,Test Bookmark 2,http://www.example2.com,Test notes 2,2024-04-27
1,Awesome Django,https://awesomedjango.org/,Best place on the web for Django.,2024-04-27
99,Django REST framework,https://www.django-rest-framework.org/,Best place on the web for Django REST framework.,2024-04-27
1,Awesome Django,https://awesomedjango.org/,Best place on the web for Django.,2024-04-27
1,Awesome Django,https://awesomedjango.org/,Best place on the web for Django.,2024-04-27
1,Awesome Django,https://awesomedjango.org/,Best place on the web for Django.,2024-04-27
1,Awesome Django,https://awesomedjango.org/,Best place on the web for Django.,2024-04-27
99,Awesomer Django,https://awesomedjango.org/,Best place on the web for Django just got better.,2024-04-27
1,Test Bookmark,http://www.example.com,Test notes,2024-04-27
1,Test Bookmark,http://www.example.com,Test notes,2024-04-27
1,Test Bookmark,http://www.example.com,Test notes,2024-04-27
2,Test Bookmark 2,http://www.example2.com,Test notes 2,2024-04-27
1,Awesome Django,https://awesomedjango.org/,Best place on the web for Django.,2024-04-27
99,Django REST framework,https://www.django-rest-framework.org/,Best place on the web for Django REST framework.,2024-04-27
1,Awesome Django,https://awesomedjango.org/,Best place on the web for Django.,2024-04-27
1,Awesome Django,https://awesomedjango.org/,Best place on the web for Django.,2024-04-27
1,Awesome Django,https://awesomedjango.org/,Best place on the web for Django.,2024-04-27
1,Awesome Django,https://awesomedjango.org/,Best place on the web for Django.,2024-04-27
99,Awesomer Django,https://awesomedjango.org/,Best place on the web for Django just got better.,2024-04-27
1,Test Bookmark,http://www.example.com,Test notes,2024-04-27
1,Test Bookmark,http://www.example.com,Test notes,2024-04-27
1,Test Bookmark,http://www.example.com,Test notes,2024-04-27
2,Test Bookmark 2,http://www.example2.com,Test notes 2,2024-04-27
1,Awesomer Django,https://awesomedjango.org/,Best place on the web for Django just got better.,2024-04-27
1,Awesome Django,https://awesomedjango.org/,Best place on the web for Django.,2024-04-27
99,Django REST framework,https://www.django-rest-framework.org/,Best place on the web for Django REST framework.,2024-04-27
1,Awesome Django,https://awesomedjango.org/,Best place on the web for Django.,2024-04-27
1,Awesome Django,https://awesomedjango.org/,Best place on the web for Django.,2024-04-27
1,Awesome Django,https://awesomedjango.org/,Best place on the web for Django.,2024-04-27
1,Awesome Django,https://awesomedjango.org/,Best place on the web for Django.,2024-04-27
99,Awesomer Django,https://awesomedjango.org/,Best place on the web for Django just got better.,2024-04-27
1,Test Bookmark,http://www.example.com,Test notes,2024-04-27
1,Test Bookmark,http://www.example.com,Test notes,2024-04-27
1,Test Bookmark,http://www.example.com,Test notes,2024-04-27
2,Test Bookmark 2,http://www.example2.com,Test notes 2,2024-04-27
1,Awesomer Django,https://awesomedjango.org/,Best place on the web for Django just got better.,2024-04-27
1,Awesome Django,https://awesomedjango.org/,Best place on the web for Django.,2024-04-27
99,Django REST framework,https://www.django-rest-framework.org/,Best place on the web for Django REST framework.,2024-04-27
1,Awesome Django,https://awesomedjango.org/,Best place on the web for Django.,2024-04-27
1,Awesome Django,https://awesomedjango.org/,Best place on the web for Django.,2024-04-27
1,Awesome Django,https://awesomedjango.org/,Best place on the web for Django.,2024-04-27
1,Awesome Django,https://awesomedjango.org/,Best place on the web for Django.,2024-04-27
99,Awesomer Django,https://awesomedjango.org/,Best place on the web for Django just got better.,2024-04-27
1,Test Bookmark,http://www.example.com,Test notes,2024-04-27
1,Test Bookmark,http://www.example.com,Test notes,2024-04-27
1,Test Bookmark,http://www.example.com,Test notes,2024-04-27
2,Test Bookmark 2,http://www.example2.com,Test notes 2,2024-04-27
1,Awesomer Django,https://awesomedjango.org/,Best place on the web for Django just got better.,2024-04-27
1,Awesome Django,https://awesomedjango.org/,Best place on the web for Django.,2024-04-27
99,Django REST framework,https://www.django-rest-framework.org/,Best place on the web for Django REST framework.,2024-04-27
1,Awesome Django,https://awesomedjango.org/,Best place on the web for Django.,2024-04-27
1,Awesome Django,https://awesomedjango.org/,Best place on the web for Django.,2024-04-27
1,Awesome Django,https://awesomedjango.org/,Best place on the web for Django.,2024-04-27
1,Awesome Django,https://awesomedjango.org/,Best place on the web for Django.,2024-04-27
99,Awesomer Django,https://awesomedjango.org/,Best place on the web for Django just got better.,2024-04-27
1,Test Bookmark,http://www.example.com,Test notes,2024-04-27
1,Test Bookmark,http://www.example.com,Test notes,2024-04-27
1,Test Bookmark,http://www.example.com,Test notes,2024-04-27
2,Test Bookmark 2,http://www.example2.com,Test notes 2,2024-04-27
1,Awesomest Django,https://awesomedjango.org/,Best place on the web for Django just got EVEN better.,2024-04-27
1,Awesome Django,https://awesomedjango.org/,Best place on the web for Django.,2024-04-27
99,Django REST framework,https://www.django-rest-framework.org/,Best place on the web for Django REST framework.,2024-04-27
1,Awesome Django,https://awesomedjango.org/,Best place on the web for Django.,2024-04-27
1,Awesome Django,https://awesomedjango.org/,Best place on the web for Django.,2024-04-27
1,Awesome Django,https://awesomedjango.org/,Best place on the web for Django.,2024-04-27
1,Awesome Django,https://awesomedjango.org/,Best place on the web for Django.,2024-04-27
99,Awesomer Django,https://awesomedjango.org/,Best place on the web for Django just got better.,2024-04-27
1,Test Bookmark,http://www.example.com,Test notes,2024-04-27
1,Test Bookmark,http://www.example.com,Test notes,2024-04-27
1,Test Bookmark,http://www.example.com,Test notes,2024-04-27
2,Test Bookmark 2,http://www.example2.com,Test notes 2,2024-04-27
1,Awesome Django,https://awesomedjango.org/,Best place on the web for Django.,2024-04-27
99,Django REST framework,https://www.django-rest-framework.org/,Best place on the web for Django REST framework.,2024-04-27
1,Awesome Django,https://awesomedjango.org/,Best place on the web for Django.,2024-04-27
1,Awesome Django,https://awesomedjango.org/,Best place on the web for Django.,2024-04-27
1,Awesome Django,https://awesomedjango.org/,Best place on the web for Django.,2024-04-27
1,Awesome Django,https://awesomedjango.org/,Best place on the web for Django.,2024-04-27
99,Awesomer Django,https://awesomedjango.org/,Best place on the web for Django just got better.,2024-04-27
1,Test Bookmark,http://www.example.com,Test notes,2024-04-27
1,Test Bookmark,http://www.example.com,Test notes,2024-04-27
1,Test Bookmark,http://www.example.com,Test notes,2024-04-27
2,Test Bookmark 2,http://www.example2.com,Test notes 2,2024-04-27
1,Awesome Django,https://awesomedjango.org/,Best place on the web for Django.,2024-04-27
99,Django REST framework,https://www.django-rest-framework.org/,Best place on the web for Django REST framework.,2024-04-27
1,Awesome Django,https://awesomedjango.org/,Best place on the web for Django.,2024-04-27
1,Awesome Django,https://awesomedjango.org/,Best place on the web for Django.,2024-04-27
1,Awesome Django,https://awesomedjango.org/,Best place on the web for Django.,2024-04-27
1,Awesome Django,https://awesomedjango.org/,Best place on the web for Django.,2024-04-27
99,Awesomer Django,https://awesomedjango.org/,Best place on the web for Django just got better.,2024-04-27
1,Test Bookmark,http://www.example.com,Test notes,2024-04-27
1,Test Bookmark,http://www.example.com,Test notes,2024-04-27
1,Test Bookmark,http://www.example.com,Test notes,2024-04-27
2,Test Bookmark 2,http://www.example2.com,Test notes 2,2024-04-27
1,Awesome Django,https://awesomedjango.org/,Best place on the web for Django.,2024-04-27
99,Django REST framework,https://www.django-rest-framework.org/,Best place on the web for Django REST framework.,2024-04-27
1,Awesome Django,https://awesomedjango.org/,Best place on the web for Django.,2024-04-27
1,Awesome Django,https://awesomedjango.org/,Best place on the web for Django.,2024-04-27
1,Awesome Django,https://awesomedjango.org/,Best place on the web for Django.,2024-04-27
1,Awesome Django,https://awesomedjango.org/,Best place on the web for Django.,2024-04-27
99,Awesomer Django,https://awesomedjango.org/,Best place on the web for Django just got better.,2024-04-27
1,Test Bookmark,http://www.example.com,Test notes,2024-04-27
1,Test Bookmark,http://www.example.com,Test notes,2024-04-27
1,Test Bookmark,http://www.example.com,Test notes,2024-04-27
2,Test Bookmark 2,http://www.example2.com,Test notes 2,2024-04-27
1,Awesome Django,https://awesomedjango.org/,Best place on the web for Django.,2024-04-27
99,Django REST framework,https://www.django-rest-framework.org/,Best place on the web for Django REST framework.,2024-04-27
1,Awesome Django,https://awesomedjango.org/,Best place on the web for Django.,2024-04-27
1,Awesome Django,https://awesomedjango.org/,Best place on the web for Django.,2024-04-27
1,Awesome Django,https://awesomedjango.org/,Best place on the web for Django.,2024-04-27
1,Awesome Django,https://awesomedjango.org/,Best place on the web for Django.,2024-04-27
99,Awesomer Django,https://awesomedjango.org/,Best place on the web for Django just got better.,2024-04-27
1,Test Bookmark,http://www.example.com,Test notes,2024-04-27
1,Test Bookmark,http://www.example.com,Test notes,2024-04-27
1,Test Bookmark,http://www.example.com,Test notes,2024-04-27
2,Test Bookmark 2,http://www.example2.com,Test notes 2,2024-04-27
1,Awesome Django,https://awesomedjango.org/,Best place on the web for Django.,2024-04-27
99,Django REST framework,https://www.django-rest-framework.org/,Best place on the web for Django REST framework.,2024-04-27
1,Awesome Django,https://awesomedjango.org/,Best place on the web for Django.,2024-04-27
1,Awesome Django,https://awesomedjango.org/,Best place on the web for Django.,2024-04-27
1,Awesome Django,https://awesomedjango.org/,Best place on the web for Django.,2024-04-27
1,Awesome Django,https://awesomedjango.org/,Best place on the web for Django.,2024-04-27
99,Awesomer Django,https://awesomedjango.org/,Best place on the web for Django just got better.,2024-04-27
1,Test Bookmark,http://www.example.com,Test notes,2024-04-27
1,Test Bookmark,http://www.example.com,Test notes,2024-04-27
1,Test Bookmark,http://www.example.com,Test notes,2024-04-27
2,Test Bookmark 2,http://www.example2.com,Test notes 2,2024-04-27
1,Awesome Django,https://awesomedjango.org/,Best place on the web for Django.,2024-04-27
99,Django REST framework,https://www.django-rest-framework.org/,Best place on the web for Django REST framework.,2024-04-27
1,Awesome Django,https://awesomedjango.org/,Best place on the web for Django.,2024-04-27
1,Awesome Django,https://awesomedjango.org/,Best place on the web for Django.,2024-04-27
1,Awesome Django,https://awesomedjango.org/,Best place on the web for Django.,2024-04-27
1,Awesome Django,https://awesomedjango.org/,Best place on the web for Django.,2024-04-27
99,Awesomer Django,https://awesomedjango.org/,Best place on the web for Django just got better.,2024-04-27
1,Test Bookmark,http://www.example.com,Test notes,2024-04-27
1,Test Bookmark,http://www.example.com,Test notes,2024-04-27
1,Test Bookmark,http://www.example.com,Test notes,2024-04-27
2,Test Bookmark 2,http://www.example2.com,Test notes 2,2024-04-27
1,Awesome Django,https://awesomedjango.org/,Best place on the web for Django.,2024-04-27
99,Django REST framework,https://www.django-rest-framework.org/,Best place on the web for Django REST framework.,2024-04-27
1,Awesome Django,https://awesomedjango.org/,Best place on the web for Django.,2024-04-27
1,Awesome Django,https://awesomedjango.org/,Best place on the web for Django.,2024-04-27
1,Awesome Django,https://awesomedjango.org/,Best place on the web for Django.,2024-04-27
1,Awesome Django,https://awesomedjango.org/,Best place on the web for Django.,2024-04-27
99,Awesomer Django,https://awesomedjango.org/,Best place on the web for Django just got better.,2024-04-27
1,Test Bookmark,http://www.example.com,Test notes,2024-04-27
1,Test Bookmark,http://www.example.com,Test notes,2024-04-27
1,Test Bookmark,http://www.example.com,Test notes,2024-04-27
2,Test Bookmark 2,http://www.example2.com,Test notes 2,2024-04-27
1,Awesomer Django,https://awesomedjango.org/,Best place on the web for Django just got better.,2024-04-27
1,Awesome Django,https://awesomedjango.org/,Best place on the web for Django.,2024-04-27
99,Django REST framework,https://www.django-rest-framework.org/,Best place on the web for Django REST framework.,2024-04-27
1,Awesome Django,https://awesomedjango.org/,Best place on the web for Django.,2024-04-27
1,Awesome Django,https://awesomedjango.org/,Best place on the web for Django.,2024-04-27
1,Awesome Django,https://awesomedjango.org/,Best place on the web for Django.,2024-04-27
1,Awesome Django,https://awesomedjango.org/,Best place on the web for Django.,2024-04-27
99,Awesomer Django,https://awesomedjango.org/,Best place on the web for Django just got better.,2024-04-27
1,Test Bookmark,http://www.example.com,Test notes,2024-04-27
1,Test Bookmark,http://www.example.com,Test notes,2024-04-27
1,Test Bookmark,http://www.example.com,Test notes,2024-04-27
2,Test Bookmark 2,http://www.example2.com,Test notes 2,2024-04-27
1,Awesomer Django,https://awesomedjango.org/,Best place on the web for Django just got better.,2024-04-27
1,Awesome Django,https://awesomedjango.org/,Best place on the web for Django.,2024-04-27
99,Django REST framework,https://www.django-rest-framework.org/,Best place on the web for Django REST framework.,2024-04-27
1,Awesome Django,https://awesomedjango.org/,Best place on the web for Django.,2024-04-27
1,Awesome Django,https://awesomedjango.org/,Best place on the web for Django.,2024-04-27
1,Awesome Django,https://awesomedjango.org/,Best place on the web for Django.,2024-04-27
1,Awesome Django,https://awesomedjango.org/,Best place on the web for Django.,2024-04-27
99,Awesomer Django,https://awesomedjango.org/,Best place on the web for Django just got better.,2024-04-27
1,Test Bookmark,http://www.example.com,Test notes,2024-04-27
1,Test Bookmark,http://www.example.com,Test notes,2024-04-27
1,Test Bookmark,http://www.example.com,Test notes,2024-04-27
2,Test Bookmark 2,http://www.example2.com,Test notes 2,2024-04-27
1,Awesomer Django,https://awesomedjango.org/,Best place on the web for Django just got better.,2024-04-27
